timestamp,caiso,ercot,pjm
2025-01-01,45.86494,43.01,34.831665
2025-01-02,52.05364,45.43,55.878355
2025-01-03,51.61281,54.61,55.261664
2025-01-04,45.24486,13.97,68.770806
2025-01-05,46.87011,26.83,62.827264
2025-01-06,50.18845,113.26,88.829923
2025-01-07,57.38301,112.06,138.211964
2025-01-08,53.10664,81.79,164.89736
2025-01-09,58.10832,87.73,208.861403
2025-01-10,50.39845,68.45,161.423886
2025-01-11,48.20647,38.32,59.314968
2025-01-12,55.95162,42.22,76.608704
2025-01-13,59.66824,80.42,93.732981
2025-01-14,70.67262,73.04,111.360299
2025-01-15,67.99408,77.56,121.07703
2025-01-16,64.34244,105.65,154.03042
2025-01-17,56.85952,34.78,89.649887
2025-01-18,79.23254,39.81,59.527593
2025-01-19,71.00037,128.03,202.639665
2025-01-20,85.0,83.0,362.127675
2025-01-21,91.07667,182.39,344.292154
2025-01-22,71.32528,140.43,394.385123
2025-01-23,66.87965,69.61,314.535528
2025-01-24,63.37677,54.25,183.643519
2025-01-25,54.68305,50.43,155.378835
2025-01-26,61.6644,66.77,52.220105
2025-01-27,69.36079,74.39,78.964356
2025-01-28,75.58,76.28,90.281633
2025-01-29,63.22991,54.68,59.418746
2025-01-30,59.22393,36.21,85.850741
2025-01-31,58.84447,70.92,73.476915
2025-02-01,52.37216,45.12,44.075724
2025-02-02,52.86459,41.49,53.969968
2025-02-03,58.73619,61.18,61.0777
2025-02-04,60.849,39.04,54.062672
2025-02-05,56.13133,38.44,63.433213
2025-02-06,58.29069,56.19,51.282902
2025-02-07,54.21804,47.94,65.611768
2025-02-08,48.45833,53.14,56.127076
2025-02-09,56.71069,47.03,53.388734
2025-02-10,66.16495,63.59,90.098222
2025-02-11,57.40479,41.56,72.923731
2025-02-12,68.46108,53.7,69.605389
2025-02-13,64.0292,106.69,63.585819
2025-02-14,58.278,44.02,100.665215
2025-02-15,59.39452,35.49,52.756349
2025-02-16,57.41635,54.71,47.784809
2025-02-17,55.91399,40.18,85.554356
2025-02-18,68.07,36.62,133.012389
2025-02-19,65.36995,119.63,168.315324
2025-02-20,69.97999,913.72,192.459036
2025-02-21,64.16898,240.63,261.80543
2025-02-22,52.25199,113.65,93.689868
2025-02-23,41.85101,67.58,56.69187
2025-02-24,50.55471,60.92,78.150587
2025-02-25,47.28009,61.49,69.841661
2025-02-26,57.4974,36.27,56.860992
2025-02-27,59.15671,69.21,51.123157
2025-02-28,56.13374,70.86,60.221143
2025-03-01,48.69806,76.62,71.423908
2025-03-02,47.43355,50.05,89.535305
2025-03-03,48.65059,46.05,152.52747
2025-03-04,59.21516,50.29,81.496543
2025-03-05,70.0109,94.78,53.564021
2025-03-06,66.24169,52.52,85.553142
2025-03-07,60.09602,137.38,104.402533
2025-03-08,59.54328,48.88,66.728537
2025-03-09,73.5463,128.76,74.32592
2025-03-10,74.52082,94.26,143.141578
2025-03-11,71.9609,76.84,91.242843
2025-03-12,66.3562,68.85,105.834427
2025-03-13,62.22948,89.8,93.260076
2025-03-14,71.71943,78.32,90.332904
2025-03-15,51.33618,102.4,43.216872
2025-03-16,51.85567,171.7,67.000008
2025-03-17,63.84773,50.43,88.82299
2025-03-18,60.32407,59.24,166.947486
2025-03-19,74.47672,53.78,92.987177
2025-03-20,61.82245,131.36,87.200975
2025-03-21,60.37478,94.14,123.411009
2025-03-22,46.64048,45.43,68.173324
2025-03-23,50.94334,50.6,50.564578
2025-03-24,60.65992,228.36,69.517177
2025-03-25,58.72482,159.69,98.975565
2025-03-26,44.93591,50.79,109.564689
2025-03-27,34.25507,51.32,172.072051
2025-03-28,25.43588,62.45,77.81664
2025-03-29,19.44,44.66,68.888435
2025-03-30,25.17572,119.81,63.891764
2025-03-31,35.7718,120.62,73.638853
2025-04-01,34.65985,55.23,84.007582
2025-04-02,41.22778,215.09,77.895495
2025-04-03,48.74472,109.19,99.330048
2025-04-04,58.71,57.22,62.654004
2025-04-05,50.49795,43.64,72.901265
2025-04-06,45.66609,109.78,81.656131
2025-04-07,45.36111,121.8,103.118957
2025-04-08,44.20477,65.3,136.099287
2025-04-09,52.39466,106.55,174.856951
2025-04-10,48.76519,110.96,93.223336
2025-04-11,47.86438,95.41,79.171485
2025-04-12,36.12525,52.1,81.334906
2025-04-13,44.60457,75.11,73.452463
2025-04-14,53.04418,123.83,127.430003
2025-04-15,49.37726,92.07,117.14211
2025-04-16,41.66518,52.46,105.279414
2025-04-17,38.34046,50.68,99.421843
2025-04-18,39.59932,53.63,95.189873
2025-04-19,37.73059,50.38,133.312051
2025-04-20,40.40164,238.5,85.756255
2025-04-21,49.36477,98.05,130.526619
2025-04-22,50.85605,97.26,112.405968
2025-04-23,51.14297,81.22,119.074694
2025-04-24,46.54269,92.25,109.254875
2025-04-25,43.64344,94.3,73.494722
2025-04-26,41.44671,74.91,62.747467
2025-04-27,41.28841,44.92,60.914094
2025-04-28,44.87637,72.56,76.536157
2025-04-29,48.78512,89.49,124.127898
2025-04-30,46.6241,123.87,114.401045
2025-05-01,46.29353,177.99,162.651637
2025-05-02,41.49457,67.89,123.640848
2025-05-03,38.53739,67.21,99.105058
2025-05-04,40.28839,44.32,58.952705
2025-05-05,44.45591,52.75,87.469031
2025-05-06,47.13028,101.79,84.257816
2025-05-07,50.64044,100.07,89.381882
2025-05-08,64.76622,95.22,72.723415
2025-05-09,79.12397,59.78,47.507132
2025-05-10,78.54277,50.58,42.835447
2025-05-11,58.0733,79.41,56.371719
2025-05-12,49.97538,85.06,71.925556
2025-05-13,42.59688,137.24,89.989586
2025-05-14,47.17575,179.16,91.422775
2025-05-15,47.28984,235.09,129.716776
2025-05-16,43.26851,209.24,191.920648
2025-05-17,33.39142,57.91,132.595508
2025-05-18,29.02384,63.25,66.292161
2025-05-19,37.94103,58.56,63.438309
2025-05-20,46.50693,543.67,77.320888
2025-05-21,57.88752,107.1,50.999197
2025-05-22,45.59656,64.26,53.864317
2025-05-23,41.8991,56.34,54.825204
2025-05-24,34.81526,70.44,35.884869
2025-05-25,36.08255,71.84,42.663798
2025-05-26,37.48814,59.86,39.006686
2025-05-27,51.34451,80.26,56.069425
2025-05-28,50.43871,56.41,53.407861
2025-05-29,57.55008,73.56,75.459797
2025-05-30,79.57502,94.81,43.5463
2025-05-31,65.4275,100.08,36.602364
2025-06-01,46.07014,92.69,36.497715
2025-06-02,52.06234,68.38,55.450034
2025-06-03,51.79027,81.48,59.012146
2025-06-04,49.96857,78.9,85.09103
2025-06-05,54.16151,61.82,75.085506
2025-06-06,49.5568,83.12,55.695403
2025-06-07,49.23,202.73,60.286554
2025-06-08,50.19839,89.33,50.234088
2025-06-09,60.92636,107.96,57.713987
2025-06-10,61.94293,80.89,64.298397
2025-06-11,55.70071,63.62,87.088425
2025-06-12,48.05832,67.18,127.291611
2025-06-13,41.76621,69.53,69.784841
2025-06-14,46.47279,64.42,64.891226
2025-06-15,49.70863,71.37,44.952888
2025-06-16,54.24675,66.19,75.603942
2025-06-17,55.74383,45.84,75.958462
2025-06-18,61.19195,129.23,110.787649
2025-06-19,56.5098,89.52,114.229015
2025-06-20,44.41958,46.0,57.419346
2025-06-21,39.90668,52.09,99.907402
2025-06-22,46.97985,51.14,206.197385
2025-06-23,48.86076,58.99,420.957975
2025-06-24,46.49346,69.84,537.520672
2025-06-25,53.13576,64.22,409.441104
2025-06-26,50.37117,62.3,151.138864
2025-06-27,56.35224,72.23,95.785182
2025-06-28,55.31273,72.21,120.031702
2025-06-29,59.579,68.69,138.913011
2025-06-30,68.12323,122.57,147.682859
2025-07-01,63.979,122.37,137.188065
2025-07-02,55.24198,68.7,106.050799
2025-07-03,50.04139,53.35,148.551713
2025-07-04,45.67315,43.44,76.704134
2025-07-05,50.18506,56.28,93.113028
2025-07-06,57.51766,63.92,142.016145
2025-07-07,69.78929,71.72,156.427935
2025-07-08,78.96835,75.19,236.842886
2025-07-09,72.84989,56.27,188.962447
2025-07-10,72.50051,59.16,92.885618
2025-07-11,67.71655,56.04,160.532611
2025-07-12,52.26627,73.47,156.335455
2025-07-13,59.47794,86.85,88.835448
2025-07-14,62.43234,86.45,112.173812
2025-07-15,58.15158,64.51,187.129316
2025-07-16,54.14745,75.16,210.697904
2025-07-17,52.213,92.75,337.239398
2025-07-18,49.0609,63.54,126.598087
2025-07-19,47.03329,57.91,96.695672
2025-07-20,45.75479,56.53,218.678913
2025-07-21,49.55622,72.87,88.768958
2025-07-22,45.29951,65.94,87.305745
2025-07-23,43.90065,81.99,113.945081
2025-07-24,43.38865,133.37,199.159656
2025-07-25,41.2073,135.44,328.589437
2025-07-26,39.54595,51.58,156.571376
2025-07-27,41.35746,55.2,165.309206
2025-07-28,52.65075,94.45,366.315792
2025-07-29,54.75279,140.35,578.374744
2025-07-30,50.43895,514.32,372.205093
2025-07-31,45.96945,219.38,146.581847
2025-08-01,45.2263,121.66,52.699884
2025-08-02,45.16288,83.52,41.371195
2025-08-03,44.27594,91.77,45.459862
2025-08-04,48.39225,62.24,78.58434
2025-08-05,60.99427,55.89,70.596992
2025-08-06,66.09444,56.39,75.352184
2025-08-07,78.72,90.54,88.812081
2025-08-08,65.5719,76.52,88.364022
2025-08-09,53.8383,51.4,99.44359
2025-08-10,57.44821,65.42,78.970341
2025-08-11,63.78779,167.95,109.189259
2025-08-12,58.43955,287.65,150.983695
2025-08-13,50.0,164.92,139.873102
2025-08-14,47.55694,98.16,166.443265
2025-08-15,44.37315,55.6,145.199985
2025-08-16,40.77467,76.1,94.867267
2025-08-17,44.46141,92.03,170.614902
2025-08-18,50.28664,241.16,103.543589
2025-08-19,58.28051,302.83,93.440359
2025-08-20,64.73492,117.37,61.424491
2025-08-21,100.22,76.17,50.46833
2025-08-22,112.58687,65.31,59.229296
2025-08-23,83.77043,63.83,48.508488
2025-08-24,78.11641,91.9,46.441943
2025-08-25,80.04481,82.9,51.142625
2025-08-26,63.79796,50.98,43.928988
2025-08-27,53.57365,60.47,44.109335
2025-08-28,55.3425,159.01,47.005675
2025-08-29,55.76258,125.47,46.599231
2025-08-30,60.77201,57.21,45.017174
2025-08-31,66.27294,56.1,48.184167
2025-09-01,65.7419,74.95,58.473826
2025-09-02,88.93071,76.87,72.498791
2025-09-03,87.9389,109.62,57.155931
2025-09-04,63.41953,102.25,64.308199
2025-09-05,52.55013,77.75,110.02594
2025-09-06,54.40471,60.75,73.108366
2025-09-07,50.56084,56.15,50.4663
2025-09-08,57.10751,54.41,65.52151
2025-09-09,50.47704,47.45,69.498845
2025-09-10,48.90997,60.08,74.66237
2025-09-11,49.23084,64.6,72.449715
2025-09-12,48.3262,57.89,87.089121
2025-09-13,46.0501,53.87,63.98002
2025-09-14,50.25838,91.5,77.730408
2025-09-15,63.52346,78.67,120.360479
2025-09-16,74.49508,86.86,84.955986
2025-09-17,65.41883,74.11,91.419481
2025-09-18,60.96404,77.98,111.255069
2025-09-19,55.79832,66.94,123.118484
2025-09-20,51.43288,66.99,88.230696
2025-09-21,51.57698,68.22,87.13809
2025-09-22,63.22225,91.05,118.75237
2025-09-23,77.07052,105.49,146.403192
2025-09-24,58.10858,60.5,129.866373
2025-09-25,50.89951,94.08,123.322756
2025-09-26,48.63831,70.79,124.397329
2025-09-27,47.57889,64.18,92.088121
2025-09-28,46.47242,71.47,135.89488
2025-09-29,51.93372,85.37,161.404948
2025-09-30,46.63423,88.96,115.745776
2025-10-01,45.89242,98.74,112.156785
2025-10-02,52.29338,87.86,138.763948
2025-10-03,46.68272,71.47,157.799879
2025-10-04,39.62553,54.17,151.701555
2025-10-05,48.95962,78.04,164.800268
2025-10-06,52.78339,95.96,277.35011
2025-10-07,53.87667,96.0,171.461696
2025-10-08,53.23424,106.59,110.867061
2025-10-09,57.51567,89.89,125.135449
2025-10-10,53.49569,88.22,92.137653
2025-10-11,45.56197,55.04,90.837258
2025-10-12,49.05868,70.59,125.617185
2025-10-13,49.95555,105.17,157.025954
2025-10-14,61.98399,105.57,127.073381
2025-10-15,57.37585,95.76,117.904105
2025-10-16,54.33446,51.44,100.525447
2025-10-17,55.51473,86.27,129.599059
2025-10-18,49.81807,90.31,106.311316
2025-10-19,45.00685,58.48,77.798004
2025-10-20,56.86578,86.74,112.976247
2025-10-21,55.18943,134.53,114.999949
2025-10-22,50.17839,72.36,112.976706
2025-10-23,54.77391,70.49,170.671993
2025-10-24,58.00994,73.21,204.335224
2025-10-25,49.60116,87.51,148.361446
2025-10-26,42.90107,99.58,83.688009
2025-10-27,50.5273,107.71,121.454588
2025-10-28,58.13799,61.26,117.690001
2025-10-29,62.82632,57.46,101.452446
2025-10-30,56.21016,102.57,102.504206
2025-10-31,50.88193,64.55,110.528128
2025-11-01,52.62378,80.91,95.806341
2025-11-02,55.0964,80.96,86.299227
2025-11-03,61.05119,75.12,112.216385
2025-11-04,61.06302,64.91,109.821627
2025-11-05,54.85291,155.01,95.487724
2025-11-06,48.52395,119.69,98.135607
2025-11-07,47.90067,242.74,115.947811
2025-11-08,48.84842,97.69,95.24764
2025-11-09,50.8902,56.78,89.342592
2025-11-10,56.54359,120.3,164.782957
2025-11-11,57.14694,38.01,232.788893
2025-11-12,59.61523,105.99,151.177327
2025-11-13,52.84746,66.9,102.807324
2025-11-14,55.4746,74.95,147.102564
2025-11-15,51.05471,81.74,58.216185
2025-11-16,47.26229,151.89,69.729494
2025-11-17,52.05129,82.81,118.000916
2025-11-18,56.21407,153.3,191.179698
2025-11-19,57.10354,114.44,137.85171
2025-11-20,57.49365,93.25,156.07606
2025-11-21,56.76154,98.1,91.907559
2025-11-22,54.60738,77.25,65.471207
2025-11-23,51.4781,56.4,64.117554
2025-11-24,54.50015,76.93,94.433531
2025-11-25,61.92967,83.42,59.856794
2025-11-26,62.29167,78.45,44.972883
2025-11-27,58.17086,54.02,49.636498
2025-11-28,56.17357,31.68,71.491049
2025-11-29,53.36833,45.49,81.160909
2025-11-30,54.39686,84.16,66.668363
2025-12-01,64.69448,126.54,129.543268
2025-12-02,64.71592,184.19,110.386853
2025-12-03,64.4067,70.09,143.676687
2025-12-04,59.74779,132.7,132.103713
2025-12-05,59.44712,89.13,144.40934
2025-12-06,50.79467,62.63,80.906939
2025-12-07,53.50125,61.3,110.300438
2025-12-08,58.98655,90.98,197.846778
2025-12-09,53.83875,62.15,275.0
2025-12-10,48.64402,81.86,179.240595
2025-12-11,47.90726,53.57,208.154019
2025-12-12,50.09006,63.98,213.735222
2025-12-13,44.56794,76.63,126.45388
2025-12-14,44.68535,99.66,338.793582
2025-12-15,45.59853,129.72,402.078335
2025-12-16,44.17307,54.86,420.771655
2025-12-17,40.28604,72.21,217.069607
2025-12-18,44.11714,61.54,161.363047
2025-12-19,38.49985,46.82,91.349161
2025-12-20,37.82795,42.68,123.742824
2025-12-21,36.4605,69.05,69.741571
2025-12-22,42.12582,30.57,134.198045
2025-12-23,38.11208,42.01,55.791833
2025-12-24,35.5967,38.53,55.282086
2025-12-25,31.67859,40.42,38.02027
2025-12-26,33.42331,67.25,76.323926
2025-12-27,30.32924,26.16,58.77
2025-12-28,33.73924,23.4,50.353232
2025-12-29,38.62937,84.17,57.790513
2025-12-30,42.35323,94.43,105.886331
2025-12-31,44.25433,53.8,104.758057
